originalSentence,referenceSentence,tamperingType,tamperedSentence,"LLMScore (Sim, Con)",BLEU,METEOR,Rouge1 r,Rouge1 p,Rouge1 f,Rouge2 r,Rouge2 p,Rouge2 f,Rougel r,Rougel p,Rougel f,LLM-Sim,LLM-Con,originalLanguage,humanMean
"what has happened internally, however?",men hvad er der så sket internt?,Random Word Addition,"what has unexplainable happened internally, however?","(0.85, 0.95)",0.5946035575013605,0.9744,1.0,0.8333333333333334,0.9090909041322316,0.75,0.6,0.6666666617283951,1.0,0.8333333333333334,0.9090909041322316,0.85,0.95,en,0.5833333333333334
afstemningen finder sted i morgen.,the vote will take place tomorrow.,Word Duplication,afstemningen afstemningen finder sted i morgen.,"(1.00, 1.00)",0.8091067115702212,0.9813,1.0,1.0,0.999999995,1.0,0.8,0.8888888839506174,1.0,1.0,0.999999995,1.0,1.0,da,0.7833333333333333
"forstå det, hvem der kan.",you can make of that what you will.,Letter Duplication,"forrstå det, hvem der kan.","(0.99, 0.99)",0.8091067115702212,0.8552,0.8,0.8,0.7999999950000002,0.75,0.75,0.749999995,0.8,0.8,0.7999999950000002,0.99,0.99,da,0.8333333333333334
det vil ikke ske her.,that will not happen in this house.,Negation Removal,det vil ske her.,"(0.85, 0.95)",7.070696784820904e-78,0.8203,0.8,1.0,0.8888888839506174,0.5,0.6666666666666666,0.5714285665306124,0.8,1.0,0.8888888839506174,0.85,0.95,da,0.016666666666666666
"ja, hvad vil det så sige?","meaning what, precisely?",Letter Removal,"ja, hvad vil de så sige?","(0.95, 0.95)",0.5,0.8648,0.8333333333333334,0.8333333333333334,0.8333333283333335,0.6,0.6,0.5999999950000001,0.8333333333333334,0.8333333333333334,0.8333333283333335,0.95,0.95,da,0.5166666666666667
no end justifies the means.,intet mål helliger midlet.,Word Removal,no justifies the means.,"(0.95, 0.90)",0.5789300674674098,0.8203,0.8,1.0,0.8888888839506174,0.5,0.6666666666666666,0.5714285665306124,0.8,1.0,0.8888888839506174,0.95,0.9,en,0.13333333333333333
"what, though, are the consequences now?",hvilke konsekvenser får dette?,Letter Replacement,"rhat, though, are the consequences now?","(0.98, 0.95)",0.8633400213704505,0.888,0.8333333333333334,0.8333333333333334,0.8333333283333335,0.8,0.8,0.7999999950000002,0.8333333333333334,0.8333333333333334,0.8333333283333335,0.98,0.95,en,0.6633333333333333
"nej, det vedrører os, portugiserne.","no, it concerns us, the portuguese.",Word Replacement,"nej, skimme vedrører os, portugiserne.","(0.95, 0.9)",0.5946035575013605,0.8648,0.8,0.8,0.7999999950000002,0.5,0.5,0.4999999950000001,0.8,0.8,0.7999999950000002,0.95,0.9,da,0.31666666666666665
we must continue to respond.,vi må vedblive med at leve op til forventningerne.,Letter Order Swapping,we muts continue to respond.,"(0.95, 0.99)",0.537284965911771,0.8067,0.8,0.8,0.7999999950000002,0.5,0.5,0.4999999950000001,0.8,0.8,0.7999999950000002,0.95,0.99,en,0.43333333333333335
this is a compromise amendment.,dette er et kompromisændringsforslag.,Word Order Swapping,is this a compromise amendment. ,"(0.95, 0.95)",0.5623413251903491,0.9375,1.0,0.8333333333333334,0.9090909041322316,0.5,0.4,0.4444444395061729,0.8,0.6666666666666666,0.7272727223140496,0.95,0.95,en,0.18333333333333335
"alle disse tekster bør vedtages hurtigst muligt, hr. kommissær.","all of these texts, commissioner, must be approved as soon as possible.",Random Word Addition,"alle disse tekster bør vedtages hurtigst diabetes muligt, hr . kommissær.","(0.95, 0.98)",0.7611606003349892,0.9894,1.0,0.9,0.947368416066482,0.875,0.7777777777777778,0.823529406782007,1.0,0.9,0.947368416066482,0.95,0.98,da,0.26666666666666666
the minutes of yesterday's sitting have been distributed.,protokollen fra mødet i går er omdelt.,Word Duplication,the minutes of yesterday's sitting have have been distributed.,"(0.99, 0.95)",0.7941386679207173,0.9861,1.0,1.0,0.999999995,1.0,0.875,0.9333333283555556,1.0,1.0,0.999999995,0.99,0.95,en,0.7966666666666665
de betyder en markant skærpelse af normerne i forslaget.,these provide a significant tightening up of the standards contained in the proposal.,Letter Duplication,de betyder enn markant skærpelse af normerne i forslaget.,"(0.99, 0.99)",0.7071067811865475,0.8951,0.8888888888888888,0.8888888888888888,0.888888883888889,0.75,0.75,0.749999995,0.8888888888888888,0.8888888888888888,0.888888883888889,0.99,0.99,da,0.8166666666666665
referenda are not entirely appropriate as a tool of pan-european decision-making.,folkeafstemninger er ikke det mest velegnede værktøj til paneuropæisk beslutningstagning.,Negation Removal,referenda are entirely appropriate as a tool of pan-european decision-making.,"(0.00, 1.00)",0.7772460244048297,0.9216,0.9090909090909092,1.0,0.9523809473922904,0.8,0.8888888888888888,0.8421052581717452,0.9090909090909092,1.0,0.9523809473922904,0.0,1.0,en,0.03333333333333333
dagen i dag er derfor hverken rejsens afslutning eller begyndelse.,"today is, therefore, not the end of the voyage, nor is it the beginning.",Letter Removal,dagen i dag er derfor hverken rejsen afslutning eller begyndelse.,"(0.99, 0.95)",0.7016879391277372,0.9996,0.9,0.9,0.899999995,0.7777777777777778,0.7777777777777778,0.7777777727777778,0.9,0.9,0.899999995,0.99,0.95,da,0.5833333333333334
"dette svarer til omkring 70.000 fuldtidsarbejdspladser, som kunne oprettes officielt.",this equates to approximately 70 000 full-time jobs which could be created officially.,Word Removal,"dette svarer til omkring fuldtidsarbejdspladser, som kunne oprettes officielt.","(0.85, 0.95)",0.7426141117870939,0.9216,0.8181818181818182,1.0,0.8999999950500001,0.7,0.875,0.7777777728395062,0.8181818181818182,1.0,0.8999999950500001,0.85,0.95,da,0.3
"formand for rådet. - (pt) hr. formand, hr. claeys!","president-in-office of the council. - (pt) thank you, mr president, honourable member.",Letter Replacement,"foryand for rådet. - (pt) hr. formand, hr. claeys!","(0.95, 0.95)",0.9306048591020996,0.9374,0.875,0.875,0.874999995,0.875,0.875,0.874999995,0.875,0.875,0.874999995,0.95,0.95,da,0.25
evaluation of the australia-eu pnr agreement - eu pnr (debate),evaluering af aftalen eu/australien om passageroplysninger (pnr) - eu-passagerliste (pnr) (forhandling),Word Replacement,evaluation of the unominous pnr agreement - eu pnr (debate),"(0.85, 0.90)",0.7348889200874658,0.9139,0.8888888888888888,0.8888888888888888,0.888888883888889,0.7777777777777778,0.7777777777777778,0.7777777727777778,0.8888888888888888,0.8888888888888888,0.888888883888889,0.85,0.9,en,0.44999999999999996
"det er det, vi har anmodet om.",yet that is what we had asked for.,Letter Order Swapping,"det er det, vi hra anmodet om.","(0.95, 0.99)",0.5969491792019646,0.8819,0.8571428571428571,0.8571428571428571,0.8571428521428571,0.6666666666666666,0.6666666666666666,0.6666666616666668,0.8571428571428571,0.8571428571428571,0.8571428521428571,0.95,0.99,da,0.6166666666666667
"det er derfor, ansvarlighed er så vigtig.",that is why accountability is so important.,Word Order Swapping,"det er derfor, er ansvarlighed så vigtig. ","(0.95, 0.95)",0.4596613576124592,0.9561,1.0,0.8571428571428571,0.9230769181065088,0.5,0.4285714285714285,0.4615384565680473,0.8333333333333334,0.7142857142857143,0.7692307642603551,0.95,0.95,da,0.6999999999999998
folk ønsker tilstrækkelige offentlige tjenesteydelser af en god kvalitet til en rimelig pris.,people want sufficient high-quality public services at a reasonable price.,Random Word Addition,folk ønsker tilstrækkelige offentlige tjenesteydelser af en god kvalitet ild til en rimelig pris.,"(0.95, 0.95)",0.8003203203844999,0.9915,1.0,0.9230769230769232,0.959999995008,0.9166666666666666,0.8461538461538461,0.879999995008,1.0,0.9230769230769232,0.959999995008,0.95,0.95,da,0.5
they exchange their money at the rate that the euro gives them.,"de veksler til den kurs, euroen giver dem.",Word Duplication,they they exchange their money at the rate that the euro gives them.,"(1.00, 1.00)",0.9193227152249184,0.9921,1.0,1.0,0.999999995,1.0,0.9166666666666666,0.9565217341398866,1.0,1.0,0.999999995,1.0,1.0,en,0.8300000000000001
"hr. formand, det vil jeg gerne have lov til at svare på.","mr president, i would like to reply to that.",Letter Duplication,"hr. formand, det vil jjeg gerne have lov til at svare på.","(0.99, 0.99)",0.8003203203844999,0.932,0.9166666666666666,0.9166666666666666,0.9166666616666668,0.8181818181818182,0.8181818181818182,0.8181818131818183,0.9166666666666666,0.9166666666666666,0.9166666616666668,0.99,0.99,da,0.8633333333333333
"it places us in the hand of others, not all of whom are exactly friendly.","det overlader os i andres, ikke alle ligefrem venlige, varetægt.",Negation Removal,"it places us in the hand of others, all of whom are exactly friendly.","(0.85, 0.95)",0.8320381765431424,0.9458,0.9285714285714286,1.0,0.9629629579698218,0.8571428571428571,0.9230769230769232,0.8888888838957477,0.9285714285714286,1.0,0.9629629579698218,0.85,0.95,en,0.26666666666666666
"mr president, the eu is the reason for the long journey times for animals.","- hr. formand, eu er årsagen til de lange dyretransporter.",Letter Removal,"mr president, the eu is the reason for the long journey ties for animals.","(0.95, 0.95)",0.8153551038173115,0.9364,0.9090909090909092,0.9090909090909092,0.9090909040909092,0.8461538461538461,0.8461538461538461,0.8461538411538462,0.9090909090909092,0.9090909090909092,0.9090909040909092,0.95,0.95,en,0.2833333333333334
my final observation concerns the need for universal access to childcare centres.,min sidste betragtning angår behovet for universel adgang til børnepasningsfaciliteter.,Word Removal,my final observation the need for universal access to childcare centres.,"(0.95, 0.95)",0.7677331684336531,0.9281,0.9166666666666666,1.0,0.9565217341398866,0.8181818181818182,0.9,0.8571428521541952,0.9166666666666666,1.0,0.9565217341398866,0.95,0.95,en,0.6833333333333332
i thank you and wish you much success for the future!,jeg takker dem og ønsker dem al mulig succes fremover!,Letter Replacement,i thaek you and wish you much success for the future!,"(0.98, 0.99)",0.8265168183793802,0.9139,0.9,0.9,0.899999995,0.8,0.8,0.7999999950000002,0.9,0.9,0.899999995,0.98,0.99,en,0.6499999999999999
alle disse ting til sammen efterlader en særlig dårlig smag i munden.,all of this leaves a particularly bad taste in the mouth.,Word Replacement,alle disse ting til zone efterlader en særlig dårlig smag i munden.,"(0.95, 0.95)",0.7611606003349892,0.9209,0.9166666666666666,0.9166666666666666,0.9166666616666668,0.8181818181818182,0.8181818181818182,0.8181818131818183,0.9166666666666666,0.9166666666666666,0.9166666616666668,0.95,0.95,da,0.39999999999999997
can the commissioner say what stage the commission's study has reached?,"kan kommissionen oplyse, hvor langt den er kommet med denne undersøgelse?",Letter Order Swapping,can hte commissioner say what stage the commission's study has reached?,"(0.99, 0.95)",0.842362674378975,0.9209,1.0,0.9090909090909092,0.9523809473922904,0.8,0.8,0.7999999950000002,1.0,0.9090909090909092,0.9523809473922904,0.99,0.95,en,0.7000000000000001
"denne protokol indfører en supplerende fond, der femdobler loftet for erstatning ...","this protocol establishes a supplementary fund, which multiplies the ceiling by five ...",Word Order Swapping,"protokol denne indfører en supplerende fond, der femdobler loftet for erstatning ... ","(0.95, 0.95)",0.8593887047640296,0.9939,1.0,0.9166666666666666,0.9565217341398866,0.8,0.7272727272727273,0.7619047569160999,0.9090909090909092,0.8333333333333334,0.8695652124007562,0.95,0.95,da,0.65
it also lays down a series of essential elements that must be specifically included in contracts.,"der fastsættes også en række væsentlige punkter, som specifikt skal indgå i aftalerne.",Random Word Addition,it also lays down a series of essential elements that must illutate be specifically included in contracts.,"(0.95, 0.95)",0.8394327083733336,0.9933,1.0,0.9411764705882352,0.9696969647015612,0.9333333333333332,0.875,0.903225801456816,1.0,0.9411764705882352,0.9696969647015612,0.95,0.95,en,0.5166666666666667
that is the kind of respect for human rights to which we can rightly aspire.,vi har krav på denne overholdelse af menneskerettighederne.,Word Duplication,that is the kind of respect for human rights to which we can rightly aspire aspire.,"(0.95, 0.9)",0.8997811907500239,0.9928,1.0,1.0,0.999999995,1.0,0.9333333333333332,0.9655172363852556,1.0,1.0,0.999999995,0.95,0.9,en,0.8300000000000001
der er tale om en betænkning fra retsudvalget. hvem er bedre til at informere om retssituationen end retsudvalget?,this is a report by the committee on legal affairs: who could be better qualified to provide information about the legal situation than they!,Letter Duplication,der er tale om en betænkning fra retsudvalget. hvvem er bedre til at informere om retssituationen end retsudvalget?,"(1.00, 1.00)",0.8578928092681435,0.9494,0.9375,0.9375,0.937499995,0.8823529411764706,0.8823529411764706,0.8823529361764706,0.9375,0.9375,0.937499995,1.0,1.0,da,0.86
do not misunderstand me: i too believe that we need to take effective action against the milosevic regime.,"for at der ikke skal opstå misforståelser: jeg mener også, at et effektivt opgør med milosevic-regimet er nødvendigt.",Negation Removal,do misunderstand me: i too believe that we need to take effective action against the milosevic regime.,"(0.95, 0.99)",0.9064567434335018,0.9542,0.9444444444444444,1.0,0.9714285664326532,0.8823529411764706,0.9375,0.9090909040955004,0.9444444444444444,1.0,0.9714285664326532,0.95,0.99,en,0.31666666666666665
"rapporteur. - mr president, very simply i agree with the voting list as presented to the house.","ordfører. - (en) hr. formand! jeg vil blot helt enkelt sige, at jeg er enig i den afstemningsliste, parlamentet har fået forelagt.",Letter Removal,"rapporteur. - mr president, very simply i agree with the voting list as resented to the house.","(0.98, 0.95)",0.8578928092681435,0.9494,0.9375,0.9375,0.937499995,0.875,0.875,0.874999995,0.9375,0.9375,0.937499995,0.98,0.95,en,0.31666666666666665
"they are required to remain silent and listen to all of the speeches, if they so wish.","man må overvære denne i tavshed og påhøre samtlige indlæg, hvis man ønsker det.",Word Removal,"they are required to remain silent and listen all of the speeches, if they so wish.","(0.98, 0.95)",0.8522456714074852,0.9472,1.0,1.0,0.999999995,0.875,0.9333333333333332,0.903225801456816,1.0,1.0,0.999999995,0.98,0.95,en,0.8333333333333334
og hvordan er det muligt for en svigefuld organisation at fungere uhindret i årevis i kommissionen?,"moreover, how is it possible for a fraudulent organisation to have succeeded in operating without hindrance for years in the commission?",Letter Replacement,og hvordan er det muligt for en svigefuld organisation at fungeri uhindret i årevis i kommissionen?,"(0.99, 1.00)",0.8282477531331041,0.9403,0.9333333333333332,0.9333333333333332,0.9333333283333336,0.8666666666666667,0.8666666666666667,0.8666666616666667,0.9333333333333332,0.9333333333333332,0.9333333283333336,0.99,1.0,da,0.6333333333333333
many member states and regions already use a very similar list to carry out their investigations.,mange medlemsstater og regioner anvender allerede en meget tilsvarende liste som grundlag for deres undersøgelser.,Word Replacement,many member states and regions already use a very tambourer list to carry out their investigations.,"(0.95, 0.95)",0.8282477531331041,0.9403,0.9375,0.9375,0.937499995,0.8666666666666667,0.8666666666666667,0.8666666616666667,0.9375,0.9375,0.937499995,0.95,0.95,en,0.3333333333333333
"my report records progress in handling complaints, promoting good administration and providing knowledge about the ombudsman's role.","jeg redegør i min beretning for de fremskridt, der er sket med hensyn til behandlingen af klager, fremme af god forvaltningsskik og udbredelsen af kendskabet til ombudsmandens rolle.",Letter Order Swapping,"my report records progress in handlign complaints, promoting good administration and providing knowledge about the ombudsman's role.","(0.99, 1.00)",0.8578928092681435,0.9494,0.9411764705882352,0.9411764705882352,0.9411764655882354,0.875,0.875,0.874999995,0.9411764705882352,0.9411764705882352,0.9411764655882354,0.99,1.0,en,0.8466666666666667
"vi finder det afgørende nødvendigt, at rådet i højere grad knyttes til gennemførelsen af programmeringen af lovgivningsarbejdet.",we think it essential that the council should involve itself more closely in the process of programming legislation.,Word Order Swapping,"vi finder det afgørende nødvendigt, at rådet i grad højere knyttes til gennemførelsen af programmeringen af lovgivningsarbejdet. ","(0.99, 0.99)",0.813572896213838,0.9953,1.0,0.9411764705882352,0.9696969647015612,0.8125,0.7647058823529411,0.7878787828833793,0.9375,0.8823529411764706,0.9090909040955004,0.99,0.99,da,0.7666666666666666
perhaps you could tell us who is opposed to this and how we can make progress in this area.,"måske kan de fortælle os, hvem der er imod, og hvordan vi kan komme videre på dette område.",Random Word Addition,perhaps you could tell us who is opposed to this sempervirent and how we can make progress in this area.,"(0.95, 0.95)",0.8656030552541708,0.9945,1.0,0.9473684210526316,0.9729729679766254,0.9444444444444444,0.8947368421052632,0.9189189139225714,1.0,0.9473684210526316,0.9729729679766254,0.95,0.95,en,0.4666666666666666
"siden nice-traktaten har det ligget i luften, at rådet har brug for et nyt mødested for de halvårlige topmøder.","since the treaty of nice, it has been mooted that the council would need a new meeting place for its half-yearly summits.",Word Duplication,"siden nice-traktaten har det ligget i luften, at at rådet har brug for et nyt mødested for de halvårlige topmøder.","(1.00, 1.00)",0.9110748359159578,0.9948,1.0,1.0,0.999999995,1.0,0.9473684210526316,0.9729729679766254,1.0,1.0,0.999999995,1.0,1.0,da,0.8966666666666666
"vi ønsker at sikre, at eksf-midlerne bliver brugt til at bistå med at omlægge de samfund, som kul- og stålindustrien har tjent.",we want to make sure that ecsc money goes to help restructure the communities the coal and steel industry has served.,Letter Duplication,"vi ønsker at sikre, at eksf-miidlerne bliver brugt til at bistå med at omlægge de samfund, som kul- og stålindustrien har tjent.","(1.00, 1.00)",0.8895260356363631,0.9597,0.9473684210526316,0.9473684210526316,0.9473684160526316,0.9047619047619048,0.9047619047619048,0.9047618997619048,0.9473684210526316,0.9473684210526316,0.9473684160526316,1.0,1.0,da,0.8633333333333333
"mr president, mr poggiolini's report deals with a problem which has hitherto not been much in the public eye: alzheimer's disease.","hr. formand, poggiolini-betænkningen behandler et problem, som hidtil næsten ikke har tiltrukket sig offentlighedens opmærksomhed, alzheimers sygdom.",Negation Removal,"mr president, mr poggiolini's report deals with a problem which has hitherto been much in the public eye: alzheimer's disease.","(0.85, 0.95)",0.8958039312312598,0.965,0.95,1.0,0.9743589693622616,0.9,0.9473684210526316,0.9230769180802104,0.95,1.0,0.9743589693622616,0.85,0.95,en,0.10000000000000002
"at this stage, it is a discussion document covering a wide range of questions and envisaging a range of possible solutions.","på nuværende tidspunkt er der tale om et dokument, der omfatter en bred skala af emner, og i hvilket en række mulige løsninger overvejes.",Letter Removal,"at this stage, it is a discussion document covering a wide range of questions ad envisaging a range of possible solutions.","(1.00, 1.00)",0.8787419089273848,0.9562,0.9411764705882352,0.9411764705882352,0.9411764655882354,0.8947368421052632,0.8947368421052632,0.8947368371052632,0.9411764705882352,0.9411764705882352,0.9411764655882354,1.0,1.0,en,0.6933333333333334
"if a positive recommendation is obtained from those committees, the normal decision procedure provided for in this case will be instituted.","når der foreligger en positiv indstilling fra disse komiteer, indledes den normale beslutningsprocedure, der er fastsat i dette tilfælde.",Word Removal,"if a positive recommendation is from those committees, the normal decision procedure provided for in this case will be instituted.","(0.95, 0.95)",0.880773500588743,0.9603,0.9523809523809524,1.0,0.9756097511005354,0.9,0.9473684210526316,0.9230769180802104,0.9523809523809524,1.0,0.9756097511005354,0.95,0.95,en,0.5666666666666667
"her er der grund til at takke ordføreren, hr. moreira da silva, for det fremragende arbejde, som han har udført.","in this case we must thank the rapporteur, mr moreira da silva, for the excellent work he has done.",Letter Replacement,"her er der grund til at takke ordfvreren, hr. moreira da silva, for det fremragende arbejde, som han har udført.","(1.00, 1.00)",0.8895260356363631,0.9597,0.95,0.95,0.949999995,0.8947368421052632,0.8947368421052632,0.8947368371052632,0.95,0.95,0.949999995,1.0,1.0,da,0.5833333333333334
"i have been informed that you welcome this initiative, as appears from your contributions this afternoon, to formulate a single text.","jeg er blevet informeret om, at de bifalder dette initiativ, hvilket fremgår af deres bidrag her i eftermiddag, om at formulere én samlet tekst.",Word Replacement,"i have been informed that you welcome this initiative, as appears from your contributions this afternoon, to formulate a redingote text.","(0.90, 0.95)",0.8971148504974097,0.958,0.95,0.95,0.949999995,0.9,0.9,0.899999995,0.95,0.95,0.949999995,0.9,0.95,en,0.3499999999999999
"last saturday was 8 march - international women's day - and so i thought it fitting to say something about that here, too.","i lørdags var det den 8. marts - den internationale kvindedag - og derfor syntes jeg, det var passende at sige noget herom.",Letter Order Swapping,"last saturday was 8 march - international womne's day - and so i thought it fitting to say something about that here, too.","(0.99, 0.99)",0.8942255541978509,0.9613,0.9545454545454546,0.9545454545454546,0.9545454495454548,0.9090909090909092,0.9090909090909092,0.9090909040909092,0.9545454545454546,0.9545454545454546,0.9545454495454548,0.99,0.99,en,0.4666666666666666
"this resulted in a statement by the eurogroup finance ministers on 28 november, which was fully endorsed at the european council meeting.","dette udmøntede sig i en erklæring, der blev fremsat af eurogruppens finansministre den 28. november, og som rådet fuldt ud tilsluttede sig på mødet.",Word Order Swapping,"this in resulted a statement by the eurogroup finance ministers on 28 november, which was fully endorsed at the european council meeting. ","(0.99, 0.99)",0.895718558561003,0.9977,1.0,0.9545454545454546,0.976744181049216,0.8571428571428571,0.8181818181818182,0.8372092973282856,0.9523809523809524,0.9090909090909092,0.9302325531422392,0.99,0.99,en,0.5499999999999999
"racismen og fremmedhadet understøttes af de tidligere kommunistiske agenter, der er i gang med at opbygge en skyggeøkonomi gennem falske privatiseringer og manipulation.",behind this promotion of racism and xenophobia are the former communist agents who are building a shadow economy through fake privatisation and manipulations.,Random Word Addition,"racismen og fremmedhadet kollega understøttes af de tidligere kommunistiske agenter, der er i gang med at opbygge en skyggeøkonomi gennem falske privatiseringer og manipulation.","(0.95, 0.95)",0.8942255541978509,0.9958,1.0,0.9565217391304348,0.977777772780247,0.9545454545454546,0.9130434782608696,0.9333333283358024,1.0,0.9565217391304348,0.977777772780247,0.95,0.95,da,0.48333333333333334
"jeg bifalder indsatsen for at gennemføre et centraliseret system til registrering af indkommende fakturaer, som er nødvendigt for at forbedre administrationen heraf.","i have a positive take on the effort made to bring in a centralised system for registration of incoming invoices, which is necessary to improve their management.",Word Duplication,"jeg bifalder indsatsen for at gennemføre et centraliseret system til registrering af indkommende indkommende fakturaer, som er nødvendigt for at forbedre administrationen heraf.","(0.99, 0.99)",0.9228955492114512,0.9956,1.0,1.0,0.999999995,1.0,0.9523809523809524,0.9756097511005354,1.0,1.0,0.999999995,0.99,0.99,da,0.8133333333333335
"after all, if people want to start up on their own in business, including the transport business, they should have the right to do so.","hvis folk ønsker at starte egen virksomhed i f.eks. transportbranchen, skal de da have ret til at gøre det.",Letter Duplication,"after all, if people want to start up on their own in business, including the transport business, they should have the right to doo so.","(0.99, 0.99)",0.9163140145331566,0.9653,0.9545454545454546,0.9545454545454546,0.9545454495454548,0.9166666666666666,0.9166666666666666,0.9166666616666668,0.9545454545454546,0.9545454545454546,0.9545454495454548,0.99,0.99,en,0.8333333333333334
"vi ved, at det er et faktum, det gælder ikke kun gmo'er, også med nogle kemikalier og andre produkter har vi ikke mulighed for at sige nej.","we know for a fact that we do not have the option of saying 'no', whether to gmos or to many chemicals and other products.",Negation Removal,"vi ved, at det er et faktum, det gælder kun gmo'er, også med nogle kemikalier og andre produkter har vi mulighed for at sige nej.","(0.85, 0.95)",0.8243424515106365,0.941,0.9565217391304348,1.0,0.977777772780247,0.8461538461538461,0.9166666666666666,0.879999995008,0.9565217391304348,1.0,0.977777772780247,0.85,0.95,da,0.2333333333333333
"the rich countries are responsible for the current financial, economic and climate crises, but the developing countries are the most affected by global warming.","de rige lande er ansvarlige for den aktuelle finansielle, økonomiske og klimamæssige krise, men det er udviklingslandene, der rammes hårdest af global opvarmning.",Letter Removal,"the rich countries are responsible for the current financial, economic and climate crises, but the developing countries are the mst affected by global warming.","(0.99, 0.95)",0.8985396083419646,0.9627,0.9473684210526316,0.9473684210526316,0.9473684160526316,0.9090909090909092,0.9090909090909092,0.9090909040909092,0.9473684210526316,0.9473684210526316,0.9473684160526316,0.99,0.95,en,0.73
so we feel that we are perhaps rather more in touch with public opinion than all the rest of the groups in this parliament.,"vi føler derfor, at vi måske er lidt mere i kontakt med den offentlige mening end resten af grupperne her i parlamentet.",Word Removal,so we feel that we are perhaps rather more in touch with public opinion than the rest of the groups in this parliament.,"(0.95, 0.98)",0.891237063632542,0.9636,0.9523809523809524,1.0,0.9756097511005354,0.9130434782608696,0.9545454545454546,0.9333333283358024,0.9523809523809524,1.0,0.9756097511005354,0.95,0.98,en,0.88
"det er dog endnu værre, at de anslåede bifangstmængder for kuller og hvilling i industrifiskeriet udtages eksplicit af den årlige skatte- og kvoteforordning.","worse still, the estimated by-catches of shellfish and whiting in industrial fishing are being explicitly withdrawn from the annual tac and quota regulation.",Letter Replacement,"det er dog endnu værre, at de anslåede bifangstmængder for kulleb og hvilling i industrifiskeriet udtages eksplicit af den årlige skatte- og kvoteforordning.","(0.98, 0.95)",0.8895260356363631,0.9597,0.9545454545454546,0.9545454545454546,0.9545454495454548,0.9090909090909092,0.9090909090909092,0.9090909040909092,0.9545454545454546,0.9545454545454546,0.9545454495454548,0.98,0.95,da,0.6
how will citizens' personal data be protected under such a framework whilst introducing transparency and preventing the transfer and laundering of illicit funds?,"hvordan vil borgernes personlige oplysninger under disse omstændigheder blive beskyttet, samtidig med at der er transparens, og overførsel samt hvidvaskning af sorte penge hindres?",Word Replacement,how will citizens' personal data be protected under such a framework whilst introducing transparency and preventing the transfer and metaph of illicit funds?,"(0.95, 0.95)",0.8895260356363631,0.9597,0.9545454545454546,0.9545454545454546,0.9545454495454548,0.9090909090909092,0.9090909090909092,0.9090909040909092,0.9545454545454546,0.9545454545454546,0.9545454495454548,0.95,0.95,en,0.5166666666666667
"disse containere er potentielle projektiler, der kan gennembore skroget på alle skibstyper inklusive olietankere som prestige, men også på passagerskibe, færger eller krydstogtskibe.","these containers are potential projectiles that can be thrust against the hulls of all kinds of ships, including oil tankers like the prestige but also passenger ships, ferries or cruise ships.",Letter Order Swapping,"disse containere er potentielle projektlier, der kan gennembore skroget på alle skibstyper inklusive olietankere som prestige, men også på passagerskibe, færger eller krydstogtskibe.","(1.00, 1.00)",0.8985396083419646,0.9627,0.9545454545454546,0.9545454545454546,0.9545454495454548,0.9090909090909092,0.9090909090909092,0.9090909040909092,0.9545454545454546,0.9545454545454546,0.9545454495454548,1.0,1.0,da,0.8466666666666667
it thus awaits ratification by the parliaments of all fifteen member states and i truly hope that this will be achieved as soon as possible.,"den skal således ratificeres af alle femten medlemsstaters parlamenter, og jeg håber virkelig, at dette vil ske snarest.",Word Order Swapping,it thus awaits ratification by the parliaments of all fifteen member states i and truly hope that this will be achieved as soon as possible. ,"(0.99, 0.95)",0.8703852523251989,0.9982,1.0,0.96,0.9795918317367764,0.875,0.84,0.8571428521449397,0.9583333333333334,0.92,0.9387755052061642,0.99,0.95,en,0.75
"hvis eu vil harmonisere reglerne for havnearbejde, skal disse tage sigte på at fjerne unfair og farlig konkurrence i hver gruppe af havne med et fælles bagland.","if the european union wishes to harmonise rules for port labour, these must be geared to eliminating unfair and dangerous competition per group of ports that serve a common hinterland.",Random Word Addition,"hvis eu vil harmonisere lange reglerne for havnearbejde, skal disse tage sigte på at fjerne unfair og farlig konkurrence i hver gruppe af havne med et fælles bagland.","(0.95, 0.9)",0.9095930632220222,0.9964,1.0,0.9642857142857144,0.9818181768198349,0.9615384615384616,0.925925925925926,0.9433962214168744,1.0,0.9642857142857144,0.9818181768198349,0.95,0.9,da,0.7000000000000001
"however, micro-enterprises will be able to continue to draw up annual accounts on a voluntary basis, submit them to auditing and send them to the national register.","mikrovirksomheder vil dog fortsat kunne udforme årsregnskaber på frivilligt grundlag, indgive dem til revision og sende dem til det nationale register.",Word Duplication,"however, micro-enterprises will be able to continue to draw draw up annual accounts on a voluntary basis, submit them to auditing and send them to the national register.","(1.00, 1.00)",0.9390657734569624,0.9965,1.0,1.0,0.999999995,1.0,0.9615384615384616,0.9803921518646674,1.0,1.0,0.999999995,1.0,1.0,en,0.8799999999999999
"konklusionerne indeholdt ligeledes de fire elementer, som den politik skulle baseres på: partnerskab med hjemlandene, et fælles europæisk asylsystem, forvaltning af migrationsstrømme og retfærdig behandling af tredjelandsstatsborgere.",the conclusions also indicated the four elements on which the said policy should be based: partnership with countries of origin; a common european asylum system; management of migration flows; and fair treatment of third-country nationals.,Letter Duplication,"konklusionerne indeholdt ligeledes de fire elementer, som den politik skulle baseres på: partnerskab med hjemlandenne, et fælles europæisk asylsystem, forvaltning af migrationsstrømme og retfærdig behandling af tredjelandsstatsborgere.","(0.99, 0.95)",0.9157103753711766,0.9686,0.9615384615384616,0.9615384615384616,0.9615384565384616,0.9230769230769232,0.9230769230769232,0.9230769180769232,0.9615384615384616,0.9615384615384616,0.9615384565384616,0.99,0.95,da,0.96
all that comes from different constitutional systems which make it very difficult - though not impossible - to establish indispensable machinery for collaboration to ensure that community resources are satisfactorily controlled.,"alt dette hidrører fra forskellige bestemmelser i grundlovene, som gør det meget vanskeligt - men ikke umuligt - at oprette en nødvendig samarbejdsordning til sikring af en effektiv kontrol med fællesskabets midler.",Negation Removal,all that comes from different constitutional systems which make it very difficult - though impossible - to establish indispensable machinery for collaboration to ensure that community resources are satisfactorily controlled.,"(0.95, 0.95)",0.9167409308877168,0.9717,0.9642857142857144,1.0,0.9818181768198349,0.9333333333333332,0.9655172413793104,0.949152537374318,0.9642857142857144,1.0,0.9818181768198349,0.95,0.95,en,0.3333333333333333
"hr. formand, på tidspunktet for 50-årsdagen for fn's menneskerettighedserklæring skylder europa, verdens største handelsmagt, sig selv fortsat at fremme det begreb, jeg kalder »social globalisering«.","mr president, at a time when we are celebrating the 50th anniversary of the united nations universal declaration of human rights, europe, the world's most important trading power, owes it to itself to continue to further the idea of what i call 'social globalisation'.",Letter Removal,"hr. formand, på tidspunktet for 50-årsdagen for fn's menneskerettighedserklæring skylder europa, verdens største handelsmagt, sig selv fortsat at freme det begreb, jeg kalder »social globalisering«.","(1.00, 1.00)",0.9210500207490828,0.9705,0.9583333333333334,0.9583333333333334,0.9583333283333336,0.9166666666666666,0.9166666666666666,0.9166666616666668,0.9583333333333334,0.9583333333333334,0.9583333283333336,1.0,1.0,da,0.93
"jeg vil gerne informere dem om, at der i henhold til artikel 10, stk. 4, i forretningsordenen vil blive holdt et plenarmøde i bruxelles onsdag den 20. marts 2002.","i should like to inform you that pursuant to rule 10(4) a plenary sitting will be held in brussels on wednesday, 20 march 2002.",Word Removal,"jeg vil gerne informere dem om, at der i til artikel 10, stk . 4, i forretningsordenen vil blive holdt et plenarmøde i bruxelles onsdag den 20. marts 2002.","(0.98, 0.95)",0.9219602423775934,0.9733,0.9615384615384616,1.0,0.9803921518646674,0.9285714285714286,0.9629629629629628,0.9454545404561984,0.9615384615384616,1.0,0.9803921518646674,0.98,0.95,da,0.8166666666666668
"in writing. - (ro) the european union's external borders, either land or sea borders, protect all member states from possible threats caused by illegal immigration, trafficking and organized crime.","eu's ydre grænser, det være sig til lands eller til vands, beskytter alle medlemsstaterne mod mulige trusler fra illegale indvandrere, trafficking og organiseret kriminalitet.",Letter Replacement,"in writing. - (ro) the european union's external borders, either land or sea borders, protect all member states from possible tdreats caused by illegal immigration, trafficking and organized crime.","(0.99, 0.95)",0.9278982724420874,0.9729,0.9642857142857144,0.9642857142857144,0.9642857092857144,0.9285714285714286,0.9285714285714286,0.9285714235714286,0.9642857142857144,0.9642857142857144,0.9642857092857144,0.99,0.95,en,0.7333333333333334
"to you, commissioner solbes, i would like to express our group’s gratitude and appreciation for the way you fought right up to the end.","jeg vil gerne klart udtrykke vores gruppes tak til og anerkendelse af dem, kommissær solbes. de kæmpede til det sidste.",Word Replacement,"to you, commissioner solbes, i would like to express our group ’ s gratitude and appreciation for the way you soakers right up to the end.","(0.85, 0.95)",0.9061874434879644,0.9653,0.9047619047619048,0.8260869565217391,0.8636363586466943,0.8260869565217391,0.76,0.7916666616753474,0.9047619047619048,0.8260869565217391,0.8636363586466943,0.85,0.95,en,0.6666666666666666
"det har der været i republikken congo og i kosovo, og det er der nu i liberia og i haiti, hvor jeg netop er vendt tilbage fra.","there have been accusations in the republic of congo, in kosovo and now in liberia and in haiti, the country from which i have just returned.",Letter Order Swapping,"det har der været i republkiken congo og i kosovo, og det er der nu i liberia og i haiti, hvor jeg netop er vendt tilbage fra.","(1.00, 1.00)",0.9095930632220222,0.9665,0.9473684210526316,0.9473684210526316,0.9473684160526316,0.92,0.92,0.919999995,0.9473684210526316,0.9473684210526316,0.9473684160526316,1.0,1.0,da,0.93
"the first stage relates to this interim agreement which we are to approve today, although parliament's opinion on the matter is of only very limited relevance.","første etape vedrører denne interimsaftale, som vi skal vedtage i dag, selv om parlamentets udtalelse angående denne sag kun har en begrænset rækkevidde.",Word Order Swapping,"the first stage relates to this interim agreement which we to are approve today, although parliament's opinion on the matter is of only very limited relevance. ","(0.98, 0.95)",0.8853153595969632,0.9987,1.0,0.96,0.9795918317367764,0.88,0.8461538461538461,0.862745093041138,0.9583333333333334,0.92,0.9387755052061642,0.98,0.95,en,0.7333333333333334
"all i can say here is that you are wrong if you think that a knowledge-based, sustainable economy can be developed on the basis of uncertainty and poor working conditions.","det eneste, jeg kan sige, er, at kommissionen tager fejl, hvis den tror, at en videnbaseret, bæredygtig økonomi kan udvikles på grundlag af usikkerhed og dårlige arbejdsforhold.",Random Word Addition,"all i can say here is that you are wrong outwork if you think that a knowledge-based, sustainable economy can be developed on the basis of uncertainty and poor working conditions.","(0.98, 0.95)",0.9184678024441792,0.9968,1.0,0.9642857142857144,0.9818181768198349,0.9655172413793104,0.9333333333333332,0.949152537374318,1.0,0.9642857142857144,0.9818181768198349,0.98,0.95,en,0.6333333333333333
there are therefore different competent working parties studying these topics within the framework of the council and the council will consider this work before the end of the year.,"der er derfor forskellige arbejdsgrupper, der undersøger disse områder inden for rådet, og rådet vil gennemgå dette arbejde inden årets udgang.",Word Duplication,there are therefore different competent working parties studying these topics within the framework of the council and the council will will consider this work before the end of the year.,"(0.99, 0.99)",0.9390657734569624,0.9965,1.0,1.0,0.999999995,1.0,0.9629629629629628,0.9811320704734782,1.0,1.0,0.999999995,0.99,0.99,en,0.9133333333333334
"den mest pragmatiske og fornuftige løsning er at overlade det til forbrugerne og erhvervslivet selv at træffe det valg, og det giver i hvert fald erhvervslivet og forbrugerne den størst mulige sikkerhed.",to allow consumers and businesses the freedom to make that choice themselves is the most pragmatic and the most common-sense solution and this gives the maximum certainty both to business and to consumers.,Letter Duplication,"den mest pragmatiske og fornuftige løssning er at overlade det til forbrugerne og erhvervslivet selv at træffe det valg, og det giver i hvert fald erhvervslivet og forbrugerne den størst mulige sikkerhed.","(0.99, 0.95)",0.9210500207490828,0.9705,0.9565217391304348,0.9565217391304348,0.9565217341304348,0.935483870967742,0.935483870967742,0.935483865967742,0.9565217391304348,0.9565217391304348,0.9565217341304348,0.99,0.95,da,0.8966666666666666
"i prefer to use the name burma rather than myanmar since the people of burma and now aung san suu kyi, the legitimate leader in burma, do not refer to it as myanmar.","jeg foretrækker at bruge navnet burma frem for myanmar, eftersom burmas befolkning og nu san suu kyi, den legitime leder i burma, ikke benævner det som myanmar.",Negation Removal,"i prefer to use the name burma rather than myanmar since the people of burma and now aung san suu kyi, the legitimate leader in burma, do refer to it as myanmar.","(0.98, 0.95)",0.9265615739461792,0.9748,0.9642857142857144,1.0,0.9818181768198349,0.9375,0.967741935483871,0.952380947382212,0.9642857142857144,1.0,0.9818181768198349,0.98,0.95,en,0.26666666666666666
"rather like the irish situation that mr crowley described earlier, the greatest concentration of small and medium-sized software developers in germany is to be found in this area around munich.","ligesom det scenario, som hr. crowley beskrev for irlands vedkommende, findes den største koncentration af små og mellemstore softwareudviklere i tyskland i området omkring münchen.",Letter Removal,"rather like the irish situation that mr crowley described earlier, the greatest concentration of small and medium-sized software developers in germany is to be found in this area around muich.","(0.99, 0.99)",0.9420254600938036,0.9686,0.9642857142857144,0.9642857142857144,0.9642857092857144,0.9655172413793104,0.9655172413793104,0.9655172363793104,0.9642857142857144,0.9642857142857144,0.9642857092857144,0.99,0.99,en,0.48333333333333334
"the committee on budgets also shares this opinion, and you can of course take it that our rapporteur, mr wiersma, also subscribes to this assessment on behalf of the committee on external economic relations.","budgetudvalget deler i øvrigt denne vurdering, og de kan naturligvis gå ud fra, at ordføreren, hr. wiersma, også deler denne vurdering på vegne af udvalget om eksterne økonomiske forbindelser.",Word Removal,"the on budgets also shares this opinion, and you can of course take it that our rapporteur, mr wiersma, also subscribes to this assessment on behalf of the committee on external economic relations.","(0.99, 0.95)",0.9523907551885424,0.9762,1.0,1.0,0.999999995,1.0,0.96875,0.984126979128244,1.0,1.0,0.999999995,0.99,0.95,en,0.5166666666666667
"det er yderst vigtigt, at fødevarer og legetøj holdes tilstrækkeligt adskilt, så man kan undgå, at børn ubevidst kommer til at putte noget i munden og risikerer at blive kvalt.",it is of the utmost importance that foodstuffs and toys be kept sufficiently well separated to avoid the danger that children may inadvertently put something in their mouths and risk suffocation.,Letter Replacement,"det er yderst vigtigt, at fødevarer og legetøj holdes tilstrækkeligt adskilt, så man kan undgå, at børn ubevidst kommer til at putte noget i munden og rifikerer at blive kvalt.","(0.99, 0.99)",0.9210500207490828,0.9705,0.9615384615384616,0.9615384615384616,0.9615384565384616,0.9310344827586208,0.9310344827586208,0.9310344777586208,0.9615384615384616,0.9615384615384616,0.9615384565384616,0.99,0.99,da,0.7333333333333333
"it continues to mean a loss of rights, unemployment and poverty, with an impact on small and medium-sized farmers, fishermen and small and medium-sized enterprises (smes), all of which end up as victims.","det betyder yderligere tab af rettigheder, større arbejdsløshed og fattigdom og vil påvirke små og mellemstore landbrugere, fiskere og små og mellemstore virksomheder, der alle ender som ofre.",Word Replacement,"it continues to mean a loss of rights, unemployment and poverty, with an impact on small and upholder farmers, fishermen and small and medium-sized enterprises (smes), all of which end up as victims.","(0.95, 0.95)",0.933651069586263,0.9749,1.0,0.9642857142857144,0.9818181768198349,0.9666666666666668,0.935483870967742,0.9508196671324912,1.0,0.9642857142857144,0.9818181768198349,0.95,0.95,en,0.5833333333333334
the aim of those investigations is to establish whether the imports in question are dumped and have had a negative impact on the economic situation of the community footwear industry.,"målet med undersøgelserne er at fastslå, om den pågældende import er dumping og har negativ indvirkning på fællesskabets skotøjsindustris økonomiske situation.",Letter Order Swapping,the aim of those investigations is to establish whteher the imports in question are dumped and have had a negative impact on the economic situation of the community footwear industry.,"(1.00, 1.00)",0.9127592114472296,0.9676,0.9615384615384616,0.9615384615384616,0.9615384565384616,0.9310344827586208,0.9310344827586208,0.9310344777586208,0.9615384615384616,0.9615384615384616,0.9615384565384616,1.0,1.0,en,0.8633333333333333
på baggrund heraf og for at forebygge lignende situationer i fremtiden foreslår ordføreren en ny tilgang til beskyttelsen af befolkningen og landbrugerne for bedre at værne dem mod de ødelæggende følger.,"in light of these situations, and the need to prevent future recurrences, the rapporteur has suggested a fresh approach to improving protection for communities and farmers from the devastating impact.",Word Order Swapping,på baggrund heraf og for at forebygge lignende situationer i fremtiden foreslår ordføreren en ny tilgang til beskyttelsen befolkningen af og landbrugerne for bedre at værne dem mod de ødelæggende følger. ,"(0.99, 1.00)",0.8971507378399466,0.999,1.0,0.9655172413793104,0.9824561353524162,0.9,0.8709677419354839,0.8852458966406881,0.9642857142857144,0.9310344827586208,0.9473684160541708,0.99,1.0,da,0.7666666666666667
"især hensigten om kun at tilkende daphne-programmet et minibudget, der er endnu lavere end det, der var parlamentets hensigt, og som kommissionen var enig i, gør mig bekymret for, hvad rådet vil med dette program.","in particular, its plan to allocate daphne only a mini-budget, even less than parliament had proposed and the commission had agreed to, makes me very anxious about what the council really intends for this programme.",Random Word Addition,"især hensigten om kun at tilkende daphne-programmet et minibudget, der er endnu lavere end det, der var parlamentets hensigt, og som kommissionen var enig i, gør mig bekymret for, hvad rådet vil med dette floskel program.","(0.95, 0.95)",0.9436234734029224,0.9975,1.0,0.9705882352941176,0.9850746218667856,0.9705882352941176,0.9428571428571428,0.9565217341314852,1.0,0.9705882352941176,0.9850746218667856,0.95,0.95,da,0.6566666666666666
"we must find a joint solution, since youth must be considered a precious and essential resource that must be mobilised in the pursuit of social and economic objectives, particularly in an ageing society.","vi må finde en fælles løsning, da ungdommen skal betragtes som en værdifuld og vigtig ressource, som skal mobiliseres i forfølgelsen af sociale og økonomiske mål, særlig i et aldrende samfund.",Word Duplication,"we must find a a joint solution, since youth must be considered a precious and essential resource that must be mobilised in the pursuit of social and economic objectives, particularly in an ageing society.","(0.99, 0.99)",0.949617584722186,0.9971,1.0,1.0,0.999999995,1.0,0.96875,0.984126979128244,1.0,1.0,0.999999995,0.99,0.99,en,0.9
"similarly, the meda ii regulation referred to the need to recognise and strengthen the economic and social role of women and to the importance of education and of the creation of jobs for women.",på samme måde henviste man i meda ii-forordningen til nødvendigheden af at anerkende og styrke kvindernes økonomiske og sociale rolle og til vigtigheden af uddannelse og arbejdspladser til kvinder.,Letter Duplication,"similarly, the meda ii regulation referred to the need to recognise and strengthen the economic andd social role of women and to the importance of education and of the creation of jobs for women.","(0.99, 1.00)",0.9257518071011758,0.9715,1.0,0.9545454545454546,0.976744181049216,0.9375,0.9375,0.937499995,1.0,0.9545454545454546,0.976744181049216,0.99,1.0,en,0.9333333333333332
"ikke mindst af den grund skal evalueringen af odysseus tillægges særlig betydning. odysseus-programmet viser også i lighed med den fælles foranstaltning til beskyttelse af fordrevne, at politik på de pågældende områder ikke nødvendigvis betyder en udbygning af fæstning europa.","not only will odysseus gain special value from this, but odysseus and the common measure for protection of refugees also show that policies in these fields do not have to mean the destruction of fortress europe.",Negation Removal,"mindst af den grund skal evalueringen af odysseus tillægges særlig betydning . odysseus-programmet viser også i lighed med den fælles foranstaltning til beskyttelse af fordrevne, at politik på de pågældende områder nødvendigvis betyder en udbygning af fæstning europa.","(0.95, 0.98)",0.9128807466725294,0.9569,0.9705882352941176,1.0,0.9850746218667856,0.9210526315789472,0.9722222222222222,0.9459459409495982,0.9705882352941176,1.0,0.9850746218667856,0.95,0.98,da,0.3
"i 206 sager blev der fremsat en kritisk bemærkning, i 48 sager resulterede undersøgelsen i et udkast til forlig eller et forslag til mindelig løsning, som i de fleste tilfælde var til klagerens fordel.","in 206 cases a critical remark was made, in 48 cases the inquiry resulted in a draft accommodation or proposal for a friendly solution, most of it achieved a success for the complainant.",Letter Removal,"i 206 sager blev der fremsat en kritisk bemærkning, i 48 sager resulterede undersøgelsen i et udkast il forlig eller et forslag til mindelig løsning, som i de fleste tilfælde var til klagerens fordel.","(1.00, 1.00)",0.9278982724420874,0.9729,1.0,0.9642857142857144,0.9818181768198349,0.9393939393939394,0.9393939393939394,0.9393939343939396,1.0,0.9642857142857144,0.9818181768198349,1.0,1.0,da,0.6999999999999998
"as far as apprentices are concerned, at the initiative of mrs heinisch, the report calls for the adoption of a community definition and an apprenticeship statute, and also for the implementation of a specific mobility programme for apprentices.",for så vidt angår lærlingene kræver betænkningen på initiativ af fru heinisch vedtagelse af en fællesskabsdefinition og en fællesskabsretlig status for lærlinge samt iværksættelse af et særligt program for lærlinges mobilitet.,Word Removal,"as far as apprentices are concerned, the initiative of mrs heinisch, the report calls for the adoption of a community definition and an apprenticeship statute, and also for the implementation of a specific mobility programme for apprentices.","(0.98, 0.95)",0.9375922238875156,0.9785,0.9629629629629628,1.0,0.9811320704734782,0.9428571428571428,0.9705882352941176,0.9565217341314852,0.9629629629629628,1.0,0.9811320704734782,0.98,0.95,en,0.7999999999999999
"jeg vil gerne understrege, at vi bifalder kommissionens beslutning om at sætte skub i grundforskningen i europa, efter at man i flere år næsten udelukkende har prioriteret støtten til forskning, som anvendes i industrien.","once again, i welcome the commission’s decision to revitalise basic research in europe after years in which priority was almost exclusively given to supporting applied research for industry.",Letter Replacement,"jeg vil gerne understrege, at vi bifalder kommissionens beslutning om at sætte skub i grundforskninfen i europa, efter at man i flere år næsten udelukkende har prioriteret støtten til forskning, som anvendes i industrien.","(0.99, 1.00)",0.9299238452109287,0.9736,0.9655172413793104,0.9655172413793104,0.9655172363793104,0.9393939393939394,0.9393939393939394,0.9393939343939396,0.9655172413793104,0.9655172413793104,0.9655172363793104,0.99,1.0,da,0.7999999999999999
"this initiative is intended to turn directive 92/109 into a regulation, so as to enable the legislation to be simplified, making it easier to apply in a uniform way and at the same time.","dette initiativ har til formål at ændre direktiv 92/109 til en forordning, så lovgivningen kan forenkles, og så den bliver lettere at gennemføre på en ensartet og samtidig måde.",Word Replacement,"this initiative is flightless to turn directive 92/109 into a regulation, so as to enable the legislation to be simplified, making it easier to apply in a uniform way and at the same time.","(0.85, 0.95)",0.9278982724420874,0.9729,0.9655172413793104,0.9655172413793104,0.9655172363793104,0.9393939393939394,0.9393939393939394,0.9393939343939396,0.9655172413793104,0.9655172413793104,0.9655172363793104,0.85,0.95,en,0.6333333333333333
"hvis eu i skyggen af krisen mister de mål af syne, man har sat sig, kan dette få en negativ indvirkning på eu's egen troværdighed og eu's lederrolle i forbindelse med klimaændringerne.","if, in the shadow of the crisis, the european union loses sight of the goals it has set for itself, this can have a harmful effect on its own credibility and its leadership role in the area of climate change.",Letter Order Swapping,"hvis eu i skyggen af krisen mister de mål af syne, man har sat sig, kan dette få en negativ indvirkning på eu's geen troværdighed og eu's lederrolle i forbindelse med klimaændringerne.","(0.95, 0.99)",0.9278982724420874,0.9729,0.9655172413793104,0.9655172413793104,0.9655172363793104,0.935483870967742,0.935483870967742,0.935483865967742,0.9655172413793104,0.9655172413793104,0.9655172363793104,0.95,0.99,da,0.6666666666666666
"i sidste ende var det den vilkårlige og retsstridige beslutning i delors' kabinet i januar 1994, som skabte betingelserne for, at firmaet kunne spille en afgørende rolle i en ny bedrageriskandale med forfalsket smør i årene 1995-2000.",the arbitrary and unlawful decision made by the delors cabinet in january 1994 ultimately led to a situation in which this company was able to play an important role in a fresh fraud scandal concerning traffic in adulterated butter between 1995 and 2000.,Word Order Swapping,"i sidste ende var det den vilkårlige og retsstridige beslutning i delors' kabinet i januar 1994, som skabte betingelserne for, at firmaet kunne spille en afgørende rolle i ny en bedrageriskandale med forfalsket smør i årene 1995-2000. ","(0.99, 0.95)",0.9214438554340222,0.9995,1.0,0.9696969696969696,0.984615379616568,0.9166666666666666,0.8918918918918919,0.904109584042034,1.0,0.9696969696969696,0.984615379616568,0.99,0.95,da,0.8333333333333334
"jeg foreslår, at europa-parlamentet opfordrer eu og dets medlemsstater til at gennemføre kampen mod terrorisme med fuld respekt for menneskerettighederne og grundlæggende frihedsrettigheder som en af eu's vigtigste prioriteringer og et centralt element i dets eksterne forbindelser.",i suggest that the european parliament call on the european union and its member states to carry out the fight against terrorism in full respect of human rights and fundamental freedoms as one of the main priorities of the union and a key element of its external actions.,Random Word Addition,"jeg foreslår, at europa-parlamentet opfordrer eu og dets medlemsstater til at gennemføre kampen mod lide terrorisme med fuld respekt for menneskerettighederne og grundlæggende frihedsrettigheder som en af eu's vigtigste prioriteringer og et centralt element i dets eksterne forbindelser.","(0.95, 0.95)",0.935369573102062,0.9974,1.0,0.9705882352941176,0.9850746218667856,0.9722222222222222,0.945945945945946,0.9589041045899794,1.0,0.9705882352941176,0.9850746218667856,0.95,0.95,da,0.7166666666666668
"mr president, commissioner, long before the summit in doha, where the present trade talks have started, my group, that of the party of european socialists, emphasised the special nature of these negotiations and the special responsibility that they entail.","hr. formand, hr. kommissær, længe inden topmødet i doha, hvor de aktuelle handelsforhandlinger startede, fremhævede min gruppe, de europæiske socialdemokraters gruppe, disse forhandlingers særlige beskaffenhed og det særlige ansvar, de fører med sig.",Word Duplication,"mr president, commissioner, long before the summit in doha, where the present trade talks have started, my group, that of the party of european socialists, emphasised the special nature of these negotiations and and the special responsibility that they entail.","(0.99, 0.99)",0.9608939178982512,0.9978,1.0,1.0,0.999999995,1.0,0.9736842105263158,0.9866666616675556,1.0,1.0,0.999999995,0.99,0.99,en,0.9166666666666666
"i betragtning af, at den europæiske union er bagud på forskningsområdet i forhold til sine konkurrenter, er det nødvendigt at øge bevillingerne til ecu 16, 3 milliarder og at forbedre anvendelsen af dem samt iværksættelsen af projekterne væsentligt.","given the european union's backwardness in the field of research in comparison with competitor countries, appropriations should be increased to ecu 16.3 billion and substantial improvements should be brought about in their use and in the implementation of projects.",Letter Duplication,"i betragtning af, at den europæiske union er bagud på forskningsområdet i forhold til sine konkurrenter, er det nødvendigt at øge bevillingerne til ecu 16, 3 milliarder og at forbedre anvendelsen af dem samt iværksættelsen af projektterne væsentligt.","(0.99, 0.95)",0.9436234734029224,0.9761,0.96875,0.96875,0.968749995,0.945945945945946,0.945945945945946,0.945945940945946,0.96875,0.96875,0.968749995,0.99,0.95,da,0.9466666666666667
"laksesektoren i skotland, irland og andre steder inden for unionen er meget ivrige efter, at disse produkter bliver tilladt så hurtigt som muligt, da man ved, at afprøvningerne har vist, at der ikke er nogen skadevirkninger på fisk eller mennesker.","the salmon industry in scotland, ireland and elsewhere within the union is very anxious that these products be licensed as quickly as possible, knowing that trial runs have proved that there is no deleterious effect to fish or to human beings.",Negation Removal,"laksesektoren i skotland, irland og andre steder inden for unionen er meget ivrige efter, at disse produkter bliver tilladt så hurtigt som muligt, da man ved, at afprøvningerne har vist, at der er nogen skadevirkninger på fisk eller mennesker.","(0.95, 0.9)",0.9432691605012544,0.9803,0.972972972972973,1.0,0.986301364863952,0.9487179487179488,0.9736842105263158,0.9610389560398044,0.972972972972973,1.0,0.986301364863952,0.95,0.9,da,0.15
"with regard to the internal market for services, in particular, i can tell you that it is anticipated that the council will adopt conclusions regarding the report on barriers at the meeting of the competitiveness council on 14-15 november 2002.","særlig med hensyn til det indre marked for tjenesteydelser kan jeg oplyse, at det forventes, at rådet vedtager konklusioner om barriererapporten på rådsmødet om konkurrenceevne den 14.-15. november 2002.",Letter Removal,"with regard to the internal market for services, in particular, i can tell you that it is anticipated that the council will adopt conclusions regarding the report on bariers at the meeting of the competitiveness council on 14-15 november 2002.","(1.00, 1.00)",0.9385522307631308,0.9767,0.9696969696969696,0.9696969696969696,0.96969696469697,0.9487179487179488,0.9487179487179488,0.9487179437179488,0.9696969696969696,0.9696969696969696,0.96969696469697,1.0,1.0,en,0.9633333333333334
"both sides - the coalition and the opposition - and, of course, civil society, too, must understand that internal instability increases the risk and likelihood of further destructive influences from neighbouring states, particularly from the russian federation. thank you for your attention.","begge sider - både koalitionen og oppositionen - og selvfølgelig også civilsamfundet må forstå, at intern ustabilitet øger risikoen og sandsynligheden for yderligere destruktiv indflydelse fra nabostater, især fra den russiske føderation.",Word Removal,"both - the coalition and the opposition - and, of course, civil society, too, must understand that internal instability increases the risk and likelihood of further destructive influences from neighbouring states, particularly from the russian federation . thank you for your attention.","(0.99, 0.95)",0.9633650865395053,0.9816,0.9714285714285714,1.0,0.9855072413778618,0.951219512195122,0.975,0.962962957963725,0.9714285714285714,1.0,0.9855072413778618,0.99,0.95,en,0.9166666666666666
"cohesion is the overriding objective in our treaty, it stands over and above emu and that is why we believe that emu and its processes and stages need to be scrutinized to see how they contribute to cohesion policy.","samhørighed er et underkendt mål i traktaten; men det står over ømu, og det er grunden til, at vi mener, at ømu og dens processer og faser bør underkastes en grundig undersøgelse for at konstatere, hvordan de bidrager til samhørighedspolitikken.",Letter Replacement,"cohesion is the overriding objective in our treaty, it stands over and above emu and that is why we believe shat emu and its processes and stages need to be scrutinized to see how they contribute to cohesion policy.","(0.99, 0.99)",0.935369573102062,0.9751,1.0,0.967741935483871,0.983606552378393,0.945945945945946,0.945945945945946,0.945945940945946,1.0,0.967741935483871,0.983606552378393,0.99,0.99,en,0.7966666666666665
"eu var med til at udarbejde handlingsplanen for 2010-2014 - som den fuldt ud bakker op om - og som blev vedtaget i cartagena, colombia, ved konferencen om den anden revision af konventionen fra 29. november til 4. december 2009.","the european union was involved in drawing up the 2010-2014 action plan - which it fully supports - adopted in cartagena, colombia, during the convention's second review conference from 29 november to 4 december 2009.",Word Replacement,"eu var med til at udarbejde handlingsplanen for 2010-2014 - som den fuldt ud bakker op om - og som blev vedtaget i cartagena, colombia, ved konferencen om den anden revision af kanonade fra 29. november til 4. december 2009.","(0.95, 0.95)",0.9385522307631308,0.9767,0.9714285714285714,0.9714285714285714,0.9714285664285714,0.9487179487179488,0.9487179487179488,0.9487179437179488,0.9714285714285714,0.9714285714285714,0.9714285664285714,0.95,0.95,da,0.46666666666666673
"(de) fru formand, fru kommissær, mine damer og herrer! jeg var personligt med i darfur, og jeg var også inde i nabolandet tchad sammen med hr. ribeiro e castro, og jeg kan derfor fuldstændig tilslutte mig det, han sagde.","(de) madam president, commissioner, ladies and gentlemen, i personally was in darfur and i was also in neighbouring chad with mr ribeiro e castro and i can therefore fully support what he has said.",Letter Order Swapping,"(de) fru formand, fru kommissær, mine damer og herrer! jeg var personligt med i darfur, og jeg var også inde i nabolandet tchad asmmen med hr. ribeiro e castro, og jeg kan derfor fuldstændig tilslutte mig det, han sagde.","(0.99, 0.95)",0.9464594399631752,0.9796,0.967741935483871,0.967741935483871,0.9677419304838712,0.9444444444444444,0.9444444444444444,0.9444444394444445,0.967741935483871,0.967741935483871,0.9677419304838712,0.99,0.95,da,0.7666666666666666
"desuden forbereder rådet også selv sin holdning på basis af disse forslag, så det er også i parlamentets interesse at arbejde ud fra dette grundlag, at give input og følgelig at etablere grundlaget for en forhandlet fælles holdning.","moreover, the council itself is now preparing its position on the basis of these proposals, so it is also in parliament’s interest to work on this basis, provide input and consequently establish the basis for a negotiated common position.",Word Order Swapping,"desuden forbereder rådet også sin selv holdning på basis af disse forslag, så det er også i parlamentets interesse at arbejde ud fra dette grundlag, at give input og følgelig at etablere grundlaget for en forhandlet fælles holdning. ","(0.98, 0.95)",0.9214438554340222,0.9995,1.0,0.9714285714285714,0.9855072413778618,0.918918918918919,0.8947368421052632,0.9066666616675556,0.9705882352941176,0.9428571428571428,0.9565217341314852,0.98,0.95,da,0.8333333333333334
